""Participant wise Open Interest (no. of contracts) in Equity Derivatives as on Oct 12,2022"",,,,,,,,,,,,,,
Client Type,Future Index Long,Future Index Short,Future Stock Long,Future Stock Short	,Option Index Call Long,Option Index Put Long,Option Index Call Short,Option Index Put Short,Option Stock Call Long,Option Stock Put Long,Option Stock Call Short,Option Stock Put Short,Total Long Contracts	,Total Short Contracts
Client,286123,132268,1417585,296823,3300335,3000257,3313191,3227958,1017909,312514,671737,438234,9334722,8080210
DII,31776,86368,58278,1344578,719,34276,0,0,1400,0,84848,0,126449,1515794
FII,34065,142355,1047933,1078916,487969,650981,351066,332486,27487,34137,44705,22220,2282572,1971748
Pro,40103,31076,325690,129169,972397,910412,1097162,1035482,259480,324540,504986,210737,2832621,3008612
TOTAL,392067,392067,2849486,2849486,4761418,4595925,4761418,4595925,1306276,671191,1306276,671191,14576363,14576363
