""Participant wise Open Interest (no. of contracts) in Equity Derivatives as on Oct 07,2022"",,,,,,,,,,,,,,
Client Type,Future Index Long,Future Index Short,Future Stock Long,Future Stock Short	,Option Index Call Long,Option Index Put Long,Option Index Call Short,Option Index Put Short,Option Stock Call Long,Option Stock Put Long,Option Stock Call Short,Option Stock Put Short,Total Long Contracts	,Total Short Contracts
Client,263608,119368,1402005,273672,2339294,2061693,2583631,2413967,831950,286814,563088,381657,7185363,6335382
DII,36001,85730,54169,1352082,719,35381,0,0,0,0,64719,0,126270,1502531
FII,31978,126568,1028425,1030359,311296,457581,208872,209210,23493,25759,38240,18716,1878532,1631965
Pro,29673,29594,287256,115742,894157,757730,752962,689208,230215,275700,419611,187900,2474730,2195017
TOTAL,361260,361260,2771855,2771855,3545464,3312384,3545464,3312384,1085658,588273,1085658,588273,11664894,11664894
