﻿"Name","15 Minutes","Hourly","Daily","Weekly","Monthly"
"HDFC Bank","Neutral","Strong Sell","Strong Sell","Sell","Neutral"
"Infosys","Strong Buy","Strong Buy","Strong Buy","Sell","Sell"
"ICICI Bank","Sell","Buy","Strong Buy","Strong Buy","Strong Buy"
"Schneider Electric Infrastructure","Strong Sell","Strong Sell","Strong Buy","Strong Buy","Strong Buy"
"SBI","Strong Buy","Neutral","Neutral","Strong Buy","Strong Buy"
"Bharti Airtel","Strong Buy","Neutral","Strong Buy","Strong Buy","Strong Buy"
"Bharti Airtel","Strong Buy","Strong Buy","Strong Buy","Strong Buy","Strong Buy"
"Kotak Mahindra Bank","Strong Sell","Strong Sell","Strong Sell","Neutral","Neutral"
"Bajaj Finserv","Strong Buy","Sell","Neutral","Strong Buy","Strong Buy"
"Larsen & Toubro","Strong Buy","Strong Buy","Strong Buy","Strong Buy","Strong Buy"
"HCL Tech","Strong Buy","Strong Buy","Strong Buy","Buy","Neutral"
"Cummins India Ltd","Strong Buy","Strong Buy","Strong Buy","Strong Buy","Strong Buy"
"AXIS Bank","Strong Buy","Strong Buy","Strong Buy","Strong Buy","Strong Buy"
"Sun Pharma","Neutral","Neutral","Strong Buy","Strong Buy","Strong Buy"
"Wipro","Strong Buy","Strong Buy","Buy","Strong Sell","Neutral"
"Adani Ports & SEZ","Buy","Strong Sell","Strong Sell","Neutral","Strong Buy"
"Oil & Natural Gas","Strong Sell","Buy","Buy","Neutral","Strong Sell"
"JSW Steel","Strong Buy","Strong Buy","Strong Buy","Strong Buy","Buy"
"NTPC","Neutral","Strong Buy","Neutral","Strong Buy","Strong Buy"
"Power Grid","Strong Sell","Neutral","Strong Sell","Strong Sell","Buy"
"Coal India","Strong Sell","Neutral","Strong Buy","Strong Buy","Strong Buy"
"Adani Power","Strong Buy","Strong Sell","Neutral","Strong Buy","Strong Buy"
"Mahindra & Mahindra","Strong Buy","Neutral","Strong Sell","Strong Buy","Strong Buy"
"SBI Life Insurance","Strong Buy","Sell","Strong Sell","Neutral","Strong Buy"
"Hindustan Zinc","Strong Buy","Strong Buy","Strong Buy","Strong Buy","Neutral"
"HDFC Life","Strong Buy","Strong Buy","Strong Sell","Strong Sell","Strong Sell"
"Grasim Industries","Neutral","Strong Sell","Neutral","Strong Buy","Strong Buy"
"Vedanta","Strong Buy","Strong Buy","Strong Buy","Strong Buy","Neutral"
"Ambuja Cements","Strong Buy","Strong Buy","Strong Buy","Strong Buy","Strong Buy"
"IndusInd Bank","Strong Buy","Strong Buy","Strong Buy","Strong Buy","Strong Buy"
"Dabur India","Neutral","Strong Sell","Strong Sell","Strong Sell","Neutral"
"DLF","Strong Buy","Neutral","Neutral","Neutral","Strong Buy"
"Tech Mahindra","Strong Buy","Strong Buy","Sell","Strong Sell","Neutral"
"Cipla","Neutral","Strong Sell","Strong Buy","Strong Buy","Strong Buy"
"Hindalco Industries","Strong Buy","Strong Buy","Strong Buy","Neutral","Neutral"
"Godrej Consumer","Strong Buy","Neutral","Strong Sell","Strong Sell","Neutral"
"Havells India","Strong Buy","Strong Buy","Strong Buy","Strong Buy","Strong Buy"
"SBI Cards","Strong Buy","Sell","Strong Sell","Strong Sell","Neutral"
"Varun Beverages","Strong Sell","Strong Sell","Buy","Strong Buy","Strong Buy"
"Tata Power Co.","Strong Buy","Buy","Strong Sell","Strong Sell","Buy"
"Tata Consumer Products","Strong Sell","Strong Sell","Strong Sell","Strong Sell","Strong Buy"
"Interglobe Aviation Ltd","Strong Buy","Sell","Strong Sell","Strong Sell","Neutral"
"Bank Of Baroda","Strong Sell","Strong Sell","Neutral","Strong Buy","Strong Buy"
"Marico","Neutral","Strong Sell","Strong Sell","Neutral","Buy"
"Bharat Petroleum","Neutral","Strong Sell","Strong Sell","Strong Sell","Strong Sell"
"HeidelbergCement India","Sell","Strong Buy","Neutral","Strong Buy","Neutral"
"United Spirits","Strong Sell","Strong Sell","Buy","Strong Buy","Strong Buy"
"Cholamandalam","Strong Buy","Strong Buy","Neutral","Neutral","Strong Buy"
"Indian Railway Catering","Strong Buy","Buy","Strong Buy","Strong Buy","Strong Buy"
"JSW Energy","Strong Buy","Strong Buy","Strong Buy","Strong Buy","Strong Buy"
