,Symbol,Lot Size
128,MRF,10
86,HONAUT,15
118,PAGEIND,15
2,BANKNIFTY,25
63,SHREECEM,25
0,FINNIFTY,40
26,ABBOTINDIA,40
116,NESTLEIND,40
3,NIFTY,50
45,BOSCHLTD,50
1,MIDCPNIFTY,75
34,ATUL,75
190,ULTRACEMCO,100
123,MARUTI,100
33,BAJFINANCE,125
131,NAUKRI,125
64,DRREDDY,125
11,APOLLOHOSP,125
61,DIXON,125
144,PERSISTENT,150
171,DIVISLAB,150
20,COFORGE,150
158,TCS,150
102,INDIAMART,150
106,LTI,150
50,MPHASIS,175
28,ASIANPAINT,200
17,BRITANNIA,200
24,ALKEM,200
140,OFSS,200
119,LTTS,200
112,MINDTREE,200
114,NAVINFLUOR,225
153,RELIANCE,250
43,LALPATHLAB,250
38,BAJAJ-AUTO,250
95,JKCEMENT,250
10,ABB,250
147,PIIND,250
151,DEEPAKNTR,250
146,PIDILITIND,250
4,ACC,250
143,PEL,275
7,ASTRAL,275
187,SIEMENS,275
42,BATAINDIA,275
85,HINDUNILVR,300
12,BALKRISIND,300
179,LT,300
148,POLYCAB,300
174,HEROMOTOCO,300
101,INFY,300
173,HDFCAMC,300
125,METROPOLIS,300
78,HDFC,300
103,INDIGO,300
71,GODREJPROP,325
53,COLPAL,350
196,WHIRLPOOL,350
65,EICHERMOT,350
72,TITAN,375
183,MUTHOOTFIN,375
129,SRF,375
178,KOTAKBANK,400
193,UBL,400
111,MCX,400
149,PVR,407
91,ICICIGI,425
29,GRASIM,475
82,HAL,475
59,DALBHARAT,500
32,BAJAJFINSV,500
76,HAVELLS,500
161,VOLTAS,500
136,TORNTPHARM,500
15,ADANIENT,500
133,TATACOMM,500
79,HDFCBANK,550
66,ESCORTS,550
56,CUMMINSIND,600
194,TECHM,600
156,SRTRANSFIN,600
180,MCDOWELL-N,625
51,CIPLA,650
104,MFSL,650
191,IPCALAB,650
138,OBEROIRLTY,700
55,COROMANDEL,700
130,SUNPHARMA,700
120,M&M,700
97,HCLTECH,700
139,TRENT,725
105,INTELLECT,750
155,SBILIFE,750
126,SBICARD,800
181,MGL,800
152,RAMCOCEM,850
182,LUPIN,850
25,AARTIIND,850
108,IRCTC,875
93,INDUSINDBK,900
117,LAURUSLABS,900
189,TATACONSUM,900
14,BHARTIARTL,950
49,CANFINHOME,975
162,WIPRO,1000
54,CONCOR,1000
35,AUROPHARMA,1000
30,AMARAJABAT,1000
75,GODREJCP,1000
170,BHARATFORG,1000
8,AUBANK,1000
192,SYNGENE,1000
157,TATACHEM,1000
83,HINDALCO,1075
80,HDFCLIFE,1100
169,BERGEPAINT,1100
195,GLENMARK,1150
37,AXISBANK,1200
122,MARICO,1200
58,DABUR,1250
74,GUJGASLTD,1250
99,ADANIPORTS,1250
44,CHOLAFIN,1250
96,JUBLFOOD,1250
94,JINDALSTEL,1250
160,UPL,1300
48,BSOFT,1300
165,GNFC,1300
110,JSWSTEEL,1350
175,IGL,1375
87,ICICIBANK,1375
142,TVSMOTOR,1400
134,TATAMOTORS,1425
159,TORNTPOWER,1500
92,ICICIPRULI,1500
18,CHAMBLFERT,1500
132,SUNTV,1500
21,CROMPTON,1500
127,SBIN,1500
81,VEDL,1550
13,BALRAMCHIN,1600
62,DLF,1650
6,AMBUJACEM,1800
164,ZYDUSLIFE,1800
41,BANDHANBNK,1800
47,BPCL,1800
100,LICHSGFIN,2000
77,GRANULES,2000
23,DELTACORP,2300
166,BIOCON,2300
172,GSPL,2500
5,ABFRL,2600
185,POWERGRID,2700
167,CANBK,2700
197,HINDPETRO,2700
176,INDUSTOWER,2800
90,INDIACEM,2900
184,PETRONET,3000
163,ZEEL,3000
177,ITC,3200
124,NMDC,3350
188,TATAPOWER,3375
27,APOLLOTYRE,3500
150,RAIN,3500
67,EXIDEIND,3600
98,IEX,3750
141,ONGC,3850
89,IBULHSGFIN,4000
46,M&MFIN,4000
39,INDHOTEL,4022
19,COALINDIA,4200
109,NATIONALUM,4250
135,TATASTEEL,4250
84,HINDCOPPER,4300
31,ASHOKLEY,5000
186,RBLBANK,5000
57,CUB,5000
69,FSL,5200
22,ABCAPITAL,5400
137,NTPC,5700
40,BANKBARODA,5850
154,SAIL,6000
121,MANAPPURAM,6000
145,PFC,6200
113,MOTHERSON,6750
60,RECLTD,8000
115,L&TFH,8924
73,GAIL,9150
107,IOC,9750
68,FEDERALBNK,10000
36,IDFC,10000
16,BHEL,10500
9,BEL,11400
88,IDFCFIRSTB,15000
52,PNB,16000
70,GMRINFRA,22500
168,IDEA,70000
